[
  {
    "name": "Chocolate Chip Cookies",
    "description": "Four classic chocolate chip cookies",
    "price": 7.99,
    "image": "images/anika.png"
  },
  {
    "name": "Matcha Mille Crepe Cake",
    "description": "Layers of matcha crepe and matcha cream filling, topped with strawberries",
    "price": 4.99,
    "image": "images/aubrey.png"
  },
  {
    "name": "Egg Custard Bun",
    "description": "A fluffy steamed bun with a savory egg filling",
    "price": 2.99,
    "image": "images/connie.png"
  },
  {
    "name": "Steamed Taro Buns",
    "description": "Two soft steamed buns filled with gooey purple taro filling",
    "price": 5.99,
    "image": "images/dylan.png"
  },
  {
    "name": "Chocolate Fudge Brownie",
    "description": "A rich fudge brownie drizzled with chocolate ganache",
    "price": 3.99,
    "image": "images/isaac.png"
  },
  {
    "name": "Macarons",
    "description": "A box of three macarons in assorted flavors",
    "price": 4.99,
    "image": "images/jeff.png"
  },
  {
    "name": "Multigrain Bread",
    "description": "A loaf of fresh-baked multigrain bread",
    "price": 4.99,
    "image": "images/jenny.png"
  },
  {
    "name": "Croissant",
    "description": "A classic butter croissant with a flaky crust",
    "price": 2.99,
    "image": "images/jessie.png"
  },
  {
    "name": "Toast with Butter",
    "description": "A slice of toast with a pat of butter",
    "price": 1.99,
    "image": "images/kelly.png"
  },
  {
    "name": "Tiramisu",
    "description": "A classic tiramisu with layers of coffee-soaked ladyfingers and mascarpone cream",
    "price": 3.99,
    "image": "images/lauren.png"
  },
  {
    "name": "Egg Tart",
    "description": "A flaky pastry shell filled with a sweet egg custard",
    "price": 2.99,
    "image": "images/melissa.png"
  },
  {
    "name": "Everything Bagel",
    "description": "A toasted bagel with sesame seeds, poppy seeds, and dried onion",
    "price": 2.99,
    "image": "images/miku.png"
  },
  {
    "name": "Gingerbread Man",
    "description": "A soft gingerbread cookie with a sweet icing glaze",
    "price": 2.99,
    "image": "images/nick.png"
  },
  {
    "name": "Cheesecake",
    "description": "A slice of classic New York cheesecake topped with strawberry",
    "price": 3.99,
    "image": "images/sunny.png"
  },
  {
    "name": "Cream Puff",
    "description": "Light and airy pâte à choux filled with sweet whipped cream",
    "price": 2.99,
    "image": "images/tongyu.png"
  }
]
